,City,Latitude,Longitude,ID,Temperature,Humidity,Cloudiness,Wind Speed (mph)
0,bengkulu,-3.8004,102.2655,1649150,83.66,64,49,6.98
1,ushuaia,-54.8,-68.3,3833367,41,93,75,9.22
2,ilulissat,69.2167,-51.1,3423146,28.4,69,17,3.44
3,nowy dwor gdanski,54.2131,19.1177,3090502,40.42,75,20,16.11
4,tommot,58.9564,126.2925,2015179,32.43,82,90,15.64
5,airai,-8.9266,125.4092,1651810,69.35,71,44,1.97
6,vaini,-21.2,-175.2,4032243,78.8,100,40,2.3
7,namibe,-15.1961,12.1522,3347019,80.35,74,48,1.36
8,mataura,-46.1927,168.8643,6201424,52,94,100,3
9,sharjah,25.3573,55.4033,292672,88.27,21,0,2.3
10,new norfolk,-42.7826,147.0587,2155415,53.02,51,75,18.41
11,narsaq,60.9167,-46.05,3421719,39.2,56,90,1.14
12,salalah,17.0151,54.0924,286621,86,62,0,4.61
13,severo-kurilsk,50.6789,156.125,2121385,35.46,90,85,1.81
14,mount gambier,-37.8333,140.7667,2156643,57.2,72,90,10.36
15,busselton,-33.65,115.3333,2075265,74.62,54,70,1.01
16,vaitupu,,,,,,,
17,taoudenni,22.6783,-3.9836,2450173,81.61,10,0,8.97
18,cabedelo,-6.9811,-34.8339,3404558,75.2,94,0,1.14
19,shimoda,34.6667,138.95,1852357,59.36,55,75,8.05
20,bredasdorp,-34.5322,20.0403,1015776,53.6,100,3,8.05
21,capao bonito,-24.0058,-48.3494,3467371,53.31,98,22,3.51
22,attawapiskat,,,,,,,
23,suntar,62.1444,117.6319,2015913,36.03,63,80,15.35
24,grindavik,63.8424,-22.4338,3416888,42.8,87,90,23.02
25,manado,1.487,124.8455,1636544,82.4,78,40,3.44
26,rikitea,-23.1203,-134.9692,4030556,78.1,78,93,15.75
27,naze,28.3667,129.4833,1855540,73.4,60,75,25.32
28,hilo,19.7297,-155.09,5855927,70.48,64,75,4.61
29,mar del plata,-38.0023,-57.5575,3430863,67.06,94,0,9.22
30,hasaki,35.7333,140.8333,2112802,64.45,44,20,12.66
31,ponta do sol,32.6667,-17.1,2264557,55.94,81,61,5.01
32,puerto ayora,-0.7393,-90.3518,3652764,75,96,55,4.54
33,fairbanks,64.8378,-147.7164,5861897,48,34,1,8.05
34,pisco,-13.7,-76.2167,3932145,65.68,82,1,3.44
35,atuona,-9.8,-139.0333,4020109,80.33,80,81,21.72
36,butaritari,3.0707,172.7902,2110227,83.05,73,79,9.28
37,zvishavane,-20.3267,30.0665,878549,64.81,64,3,1.05
38,pokhara,28.2333,83.9833,1282898,86.45,14,0,8.55
39,jelgava,56.65,23.7128,459279,37.4,93,90,5.75
40,hobart,-42.8794,147.3294,2163355,53.85,51,75,18.41
41,kaitangata,-46.2817,169.8464,2208248,55.99,74,100,5.99
42,ballina,-28.8667,153.5667,2177069,70.54,49,0,8.05
43,abha,18.2164,42.5053,110690,70.65,19,0,4.61
44,tiksi,71.6872,128.8694,2015306,19.81,77,100,2.82
45,kapaa,22.0752,-159.319,5848280,73,78,40,9.22
46,qaqortoq,60.7167,-46.0333,3420846,39.2,56,90,1.14
47,malkapur,20.8833,76.2,1264071,97.5,14,66,3.15
48,imbituba,-28.24,-48.6703,3461370,66.2,94,40,1.14
49,mineros,-17.1167,-63.2333,3910343,75.2,94,75,5.75
50,salina cruz,16.1667,-95.2,3520064,82.72,72,39,4.29
51,illoqqortoormiut,,,,,,,
52,seoul,37.5683,126.9778,1835848,71.04,24,0,12.66
53,toora-khem,52.4675,96.11,1489401,37.9,36,100,3.65
54,gat,31.61,34.7642,293842,66.65,72,0,8.41
55,georgetown,5.4112,100.3354,1735106,86.76,70,20,3.44
56,castro,-24.7911,-50.0119,3466704,49.71,97,21,1.66
57,peace river,56.2501,-117.286,6100069,30.2,47,40,10.36
58,petropavlovsk-kamchatskiy,53.0452,158.6483,2122104,46.4,61,70,11.18
59,wisconsin rapids,44.3836,-89.8174,5279436,37.81,52,1,3.44
60,mitsamiouli,-11.3847,43.2844,921786,77,83,40,5.75
61,dilla,6.41,38.31,338998,70.63,65,100,0.69
62,nushki,29.5542,66.0215,1168749,79.32,14,0,6.02
63,sitka,57.0531,-135.33,5557293,46.4,57,1,3.04
64,faanui,-16.4833,-151.75,4034551,81.21,72,10,13.33
65,tuktoyaktuk,69.4541,-133.0374,6170031,6.8,85,20,3.44
66,bambous virieux,-20.3428,57.7575,1106677,76.53,88,75,3.44
67,lasa,46.6166,10.7002,3175096,39.63,87,0,6.91
68,cape town,-33.9258,18.4232,3369157,57.06,88,20,8.05
69,awjilah,29.1081,21.2869,88533,71.53,22,29,17.07
70,codrington,-38.2667,141.9667,2171099,58.78,65,98,13.65
71,chokurdakh,70.6333,147.9167,2126123,8.4,92,53,2.17
72,punta arenas,-53.15,-70.9167,3874787,46.18,93,90,3.44
73,mount isa,-20.7333,139.5,2065594,84.2,15,8,11.5
74,touros,-5.1989,-35.4608,3386213,75.2,94,40,4.61
75,moose factory,51.2585,-80.6094,6078372,30.2,64,1,4.61
76,mys shmidta,,,,,,,
77,thompson,55.7435,-97.8558,6165406,17.6,62,90,6.91
78,sao jose de ribamar,-2.5619,-44.0542,3388441,77,100,0,4.61
79,banjar,-8.19,114.9675,1650232,87.8,62,20,9.22
80,fort nelson,58.8053,-122.7002,5955902,32,40,20,6.62
81,aklavik,68.2191,-135.0107,5882953,16.65,62,89,6.91
82,napier,-39.4833,176.9167,2186313,64,84,100,1.01
83,kavieng,-2.5744,150.7967,2094342,81.43,78,93,3.96
84,mayo,38.8876,-76.5119,4362001,39.43,48,40,3.44
85,amderma,,,,,,,
86,geraldton,-28.7667,114.6,2070998,86,17,100,3.44
87,rocha,-34.4833,-54.3333,3440777,62.49,89,100,9.35
88,zalantun,48,122.7167,2033225,52.27,37,29,15.66
89,mopti,14.6667,-4,2453347,88.79,30,99,1.81
90,taitung,22.7583,121.1444,6949678,82.4,65,75,8.05
91,atar,20.5169,-13.0499,2381334,72.66,16,0,8.3
92,kodiak,57.79,-152.4072,5866583,42.8,87,90,3.44
93,ostrovnoy,68.0531,39.5131,556268,35.89,93,98,13.38
94,anadyr,64.75,177.4833,2127202,17.6,86,0,11.18
95,altay,47.8667,88.1167,1529651,37.04,36,32,9.93
96,bara,10.3744,10.7288,2347758,82.04,63,92,11.43
97,kaeo,-35.1,173.7833,2189343,66,89,96,1.48
98,yellowknife,62.456,-114.3525,6185377,13.62,57,90,11.5
99,avarua,-21.2078,-159.775,4035715,80.6,74,75,16.11
100,wageningen,51.9667,5.6667,2745087,35.69,86,75,1.14
101,jamestown,42.097,-79.2353,5122534,28.51,86,1,14.97
102,alyangula,-13.8483,136.4192,2079582,87.8,62,40,8.05
103,luganville,-15.5333,167.1667,2136150,83.8,74,45,6.33
104,hoa binh,20.8133,105.3383,1580830,86,79,75,10.36
105,iqaluit,63.7506,-68.5145,5983720,21.09,86,75,3.44
106,padra,22.2333,73.0833,1260911,91.4,40,99,3.44
107,jomalig,,,,,,,
108,pangnirtung,66.1451,-65.7125,6096551,23.31,81,93,4.23
109,saint anthony,45.0205,-93.218,5044290,50.14,35,1,5.75
110,hofn,64.2539,-15.2082,2630299,38.34,77,96,2.71
111,te anau,-45.4167,167.7167,2181625,48.43,96,100,4.03
112,san patricio,28.017,-97.5169,4726521,71.87,94,90,12.66
113,turukhansk,65.8167,87.9833,1488903,32.74,99,70,14.27
114,eldikan,,,,,,,
115,hithadhoo,-0.6,73.0833,1282256,83.28,70,83,5.53
116,jiuquan,39.7432,98.5174,1279945,54.21,25,100,17.76
117,itupiranga,-5.1347,-49.3267,3397851,72.75,97,100,2.77
118,beisfjord,68.3751,17.5988,3144987,27.48,74,20,1.97
119,bluff,-46.6,168.3333,2206939,52,94,100,3
120,bairiki,1.3292,172.9752,7601762,78.8,94,75,5.75
121,nhulunbuy,-12.2333,136.7667,2064735,87.8,58,75,19.57
122,berlevag,70.8578,29.0864,780687,32.45,80,75,8.05
123,iracoubo,5.4802,-53.2011,3381428,77,87,92,11.03
124,cabras,39.93,8.5314,2525478,57,87,92,4
125,san quintin,30.4833,-115.95,3984997,57.16,80,11,12.82
126,hay river,60.8156,-115.7999,5972762,15.8,62,100,6.91
127,albany,42.6001,-73.9662,5106841,36.25,45,6,8.01
128,lata,40.1629,-8.3327,2738381,54.95,93,100,5.59
129,hermanus,-34.4187,19.2345,3366880,55.99,92,0,8.99
130,cherskiy,68.75,161.3,2126199,17.15,88,93,5.79
131,khatanga,71.9667,102.5,2022572,32.68,96,100,16.6
132,ekhabi,53.5102,142.9671,2122614,34,87,100,11.97
133,phalombe,-15.8064,35.6507,924206,67.73,72,2,2.33
134,souillac,-20.5167,57.5167,933995,75.2,88,75,3.44
135,xuddur,4.1213,43.8894,49747,82.49,59,83,10.18
136,victoria,22.2855,114.1577,1819729,83.07,55,20,11.5
137,fatikchhari,,,,,,,
138,almaty,43.25,76.95,1526384,44.6,42,75,4.47
139,amarpur,25.0333,86.9,1278895,101.39,10,17,14.23
140,saldanha,-33.0117,17.9442,3361934,57.2,94,0,5.75
141,grand gaube,-20.0064,57.6608,934479,78.01,77,100,5.99
142,cidreira,-30.1811,-50.2056,3466165,69.26,75,8,16.67
143,dikson,73.5069,80.5464,1507390,32.47,97,100,22.46
144,fortuna,40.5982,-124.1573,5563839,47.44,93,20,6.91
145,grand river south east,,,,,,,
146,tautira,-17.7333,-149.15,4033557,81.3,69,20,2.3
147,yanam,16.7333,82.2167,1252795,91.4,58,75,4.61
148,taolanaro,,,,,,,
149,komsomolskiy,40.4272,71.7189,1513491,62.6,34,18,6.91
150,along,28.1667,94.7667,1278969,83.32,56,35,0.74
151,yerbogachen,61.2767,108.0108,2012956,34.2,75,100,11.36
152,buraydah,26.326,43.975,107304,82.4,21,0,5.75
153,meulaboh,4.1363,96.1285,1214488,85.57,64,98,6.42
154,farnborough,51.2942,-0.7557,2649672,35.04,93,4,3.44
155,aquiraz,-3.9014,-38.3911,3407407,77,88,20,3.44
156,kisanga,-7.4362,37.7034,157014,76.69,87,50,3.71
157,acajutla,13.5928,-89.8275,3587498,73.99,80,65,5.82
158,lloydminster,53.2835,-110.0016,6058024,24.8,46,90,4.61
159,port alfred,-33.5906,26.891,964432,68.18,76,1,21.25
160,kibre mengist,5.8833,38.9833,333103,66.42,75,99,1.83
161,santa cruz,-17.8,-63.1667,3904906,75.2,94,75,5.75
162,cayenne,4.9333,-52.3333,3382160,76.8,100,90,6.91
163,bethel,41.3712,-73.414,5282297,36.68,64,37,1.99
164,salinas,36.6777,-121.6555,5391295,50.56,76,90,9.22
165,zachagansk,,,,,,,
166,nikolskoye,59.7035,30.7861,546105,42.03,87,20,8.95
167,sabang,5.8933,95.3214,1214026,83.73,72,98,18.43
168,lagoa,39.05,-27.9833,3372964,56.88,81,10,37.58
169,megion,61.0296,76.1136,1499053,42.8,39,0,15.66
170,kuliyapitiya,7.4688,80.0401,1238427,84.2,74,40,6.91
171,mahebourg,-20.4081,57.7,934322,75.2,88,75,3.44
172,sentyabrskiy,,,,,,,
173,barentsburg,,,,,,,
174,torbay,47.6666,-52.7314,6167817,39.07,93,90,17.27
175,lulea,65.5842,22.1547,604490,32,93,90,13.8
176,sarakhs,36.5449,61.1577,1159716,73.4,17,0,9.22
177,qaanaaq,77.484,-69.3632,3831208,18.05,94,100,8.86
178,barrow,71.2906,-156.7887,5880054,19.4,86,1,5.75
179,vanimo,-2.6741,141.3028,2084442,83.1,79,100,6.71
180,provideniya,64.3833,-173.3,4031574,39.2,56,0,11.18
181,ewa beach,21.3156,-158.0072,5855051,75.65,57,1,8.05
182,saint-philippe,-21.3585,55.7679,935215,76.32,73,40,13.8
183,esperance,-33.8667,121.9,2071860,69.8,49,75,8.05
184,tshikapa,-6.4167,20.8,204953,72.95,90,81,2.86
185,mutis,6.2262,-77.4044,3689325,78.08,85,93,3.06
186,strezhevoy,60.7333,77.5889,1490796,42.8,39,0,15.66
187,sakaiminato,35.55,133.2333,1853174,63.32,67,75,17.27
188,turbat,26.0023,63.044,1163054,98.6,10,2,3.24
189,east london,-33.0153,27.9116,1006984,60.8,88,0,5.75
190,kruisfontein,-34.0033,24.7314,986717,61.61,78,0,6.46
191,lebu,-37.6167,-73.65,3883457,49.8,76,33,3.15
192,vao,-22.6667,167.4833,2137773,74.86,69,86,12.33
193,saskylakh,71.9167,114.0833,2017155,13.42,87,92,3.71
194,ngukurr,,,,,,,
195,puerto del rosario,28.5004,-13.8627,2512186,64.4,72,40,4.61
196,tuatapere,-46.1333,167.6833,2180815,52,94,100,3
197,kuching,1.55,110.3333,1735634,89.31,66,40,4.61
198,port elizabeth,-33.918,25.5701,964420,62.6,88,0,12.66
199,qasigiannguit,68.8193,-51.1922,3420768,28.4,69,29,3.44
200,libreville,0.3925,9.4537,2399697,74.44,90,100,7.74
201,nizhneyansk,,,,,,,
202,passagem franca,-6.1797,-43.7836,3392942,71.51,98,100,2.37
203,taltal,-25.4,-70.4833,3870243,61.45,82,48,1.54
204,almaznyy,48.0448,40.045,582447,53.6,82,20,6.71
205,belaya gora,68.5333,146.4167,2126785,21.85,71,56,5.95
206,tamandare,-8.7597,-35.1047,3386931,76.73,86,15,1.16
207,port blair,11.6667,92.75,1259385,87.17,55,90,3.76
208,umm kaddadah,13.6017,26.6876,364933,85.98,15,74,6.58
209,susanville,40.4163,-120.653,5572400,47.35,35,1,6.91
210,nanortalik,60.1432,-45.2371,3421765,34.12,88,38,5.39
211,salvador,13.8333,-88.9167,3585968,76.24,100,20,3.44
212,kisarawe,-6.9,39.0667,156996,78.8,94,40,8.05
213,chuy,-33.6971,-53.4616,3443061,64.74,82,99,9.73
214,laguna,38.421,-121.4238,5364271,50.67,81,1,9.22
215,babu,24.4167,111.5167,1817858,90.07,53,19,2.46
216,dosso,13.049,3.1937,2445488,84.81,15,54,6.46
217,srednebelaya,50.6594,128.0106,2016170,37.4,32,40,15.66
218,pevek,69.7008,170.3133,2122090,27.25,90,67,2.89
219,teya,60.3778,92.6267,1489656,38.75,67,49,2.77
220,dolores,-36.3132,-57.6792,3435038,64.08,91,88,8.75
221,samusu,,,,,,,
222,buqayq,,,,,,,
223,wasilla,61.5814,-149.4394,5877641,51.28,37,1,3.44
224,saint-augustin,51.226,-58.6502,6137462,35.01,91,98,15.46
225,zhigansk,66.7697,123.3711,2012530,25.84,75,100,1.39
226,saint george,37.1041,-113.5841,5546220,60.24,18,1,5.75
227,prince rupert,54.3161,-130.3201,6113406,47.52,46,75,2.3
228,roald,62.5833,6.1333,3141667,36.34,70,75,3.44
229,beringovskiy,63.05,179.3167,2126710,24.1,84,79,7.07
230,sibut,5.718,19.0739,2383119,75,83,96,5.08
231,murgab,37.4966,61.9714,1218612,75.2,22,0,9.22
232,antofagasta,-23.65,-70.4,3899539,59,82,40,3.44
233,bundaberg,-24.85,152.35,2173323,77,23,69,6.91
234,nuuk,64.1835,-51.7216,3421319,35.6,64,0,1.14
235,vinh long,10.25,105.9667,1562693,82.4,83,40,5.75
236,duma,34.7653,108.135,2000546,59,94,90,13.42
237,ponta delgada,37.7333,-25.6667,3372783,59,67,75,34.52
238,sao filipe,14.8961,-24.4956,3374210,71.53,73,36,10.58
239,port pirie,-33.1833,138.0167,2063030,66.2,59,80,8.05
240,tasiilaq,65.6145,-37.6368,3424607,30.2,51,90,4.61
241,lavrentiya,65.5833,-171,4031637,27.72,70,99,1.81
242,upernavik,72.7868,-56.1549,3418910,13.1,84,100,4.18
243,iwaki,37.05,140.8833,2112539,60.26,43,1,5.01
244,palembang,-2.9167,104.7458,1633070,87.8,70,75,4.61
245,doba,8.65,16.85,2433437,83.46,50,90,4.74
246,tezu,27.9167,96.1667,1254709,95.99,27,3,5.37
247,arrecife,28.963,-13.5477,2521570,66.2,77,20,3.44
248,mandalgovi,45.7625,106.2708,2030065,60.1,29,100,18.95
249,saleaula,,,,,,,
250,tilichiki,60.4667,166.1,2120591,29.19,87,10,3.09
251,san cristobal,7.7669,-72.225,3628473,69.78,62,17,0.83
252,verkhoyansk,67.5447,133.385,2013465,20.5,60,93,3.06
253,belushya guba,,,,,,,
254,zakamensk,50.3741,103.2863,2012728,32.31,74,100,6.46
255,aden,12.7794,45.0367,415189,82.31,74,0,18.79
256,balteni,46.6667,27.6167,685527,46.15,87,75,11.5
257,vila franca do campo,37.7167,-25.4333,3372472,59,67,75,34.52
258,terme,41.2092,36.9739,738803,55.8,82,0,6.91
259,aripuana,-9.1667,-60.6333,3665202,70.79,98,9,1.05
260,poum,-20.2333,164.0167,2138555,79.12,79,100,11.32
261,deputatskiy,69.3,139.9,2028164,13.41,83,99,2.95
262,manokwari,-0.8667,134.0833,1636308,82.18,76,94,5.73
263,half moon bay,37.4636,-122.4286,5354943,48.6,81,90,9.22
264,cuorgne,45.3895,7.6499,3177695,47.93,75,10,1.5
265,ikire,7.35,4.1833,2338273,74.89,97,98,2.33
266,hobyo,5.3505,48.5268,57000,86.38,60,99,8.63
267,tiznit,29.5833,-9.5,2527087,57.6,85,59,1.21
268,jertih,5.7336,102.4897,1736405,93.2,66,20,3.44
269,maanshan,31.6957,118.4983,1801620,71.6,64,75,4.47
270,fukumitsu,36.55,136.8667,1863973,61.92,63,75,12.66
271,oksfjord,70.2396,22.3479,778362,30.76,80,20,10.36
272,caxito,-8.5785,13.6643,2242001,75.2,88,75,6.91
273,kuzhithurai,8.3167,77.1833,1265387,89.6,62,40,9.22
274,port hardy,50.6996,-127.4199,6111862,48.2,53,75,3.44
275,norman wells,65.282,-126.8329,6089245,21.2,73,75,5.75
276,fare,-16.7,-151.0167,4034496,80.55,74,7,13.4
277,yichun,47.7,128.9,2033413,52.29,74,100,6.93
278,kadoma,34.7333,135.5833,1860871,73.24,40,75,14.97
279,avera,33.194,-82.5271,4231997,40.42,87,1,2.17
280,chabahar,25.2919,60.643,1161724,90.64,42,6,5.97
281,ahipara,-35.1667,173.1667,2194098,62.58,89,83,3.31
282,kemijarvi,66.7131,27.4306,653272,32.02,94,100,12.21
283,bowen,-20.0167,148.2333,2174444,71.6,88,90,12.66
284,necochea,-38.5473,-58.7368,3430443,61,98,100,6.98
285,alma,48.5501,-71.6491,5884083,32,55,100,19.57
286,bubaque,11.2833,-15.8333,2374583,77.77,66,33,9.17
287,launceston,-41.45,147.1667,2160517,58.05,47,75,17.27
288,wahran,,,,,,,
289,gorgan,36.8387,54.4348,132892,68,77,75,6.91
290,hays,30.0502,-98.0336,4696788,61.48,95,100,4
291,hihifo,,,,,,,
292,katherine,-14.4667,132.2667,2068655,91.4,25,20,12.66
293,villazon,-22.0866,-65.5942,3901501,45.37,34,0,2.08
294,kjollefjord,70.9457,27.3465,779261,33.8,80,75,8.05
295,saint-pierre,-21.3393,55.4781,935214,77.4,73,40,13.8
296,grimari,,,,,,,
297,pangai,-19.8,-174.35,4032369,82.4,74,20,5.75
298,miramar,25.9873,-80.2323,4164601,74.28,73,1,8.05
299,maragogi,-9.0122,-35.2225,3395458,76.28,87,18,2.53
300,tatarsk,55.219,75.9828,1490003,42.53,42,4,6.24
301,bilma,18.6853,12.9164,2446796,85.84,12,12,7.63
302,salinopolis,-0.6136,-47.3561,3389822,76.95,86,99,4.54
303,babanusah,,,,,,,
304,carnarvon,-24.8667,113.6333,2074865,82.4,51,99,8.05
305,ban phai,16.06,102.731,1614455,95.4,59,75,5.75
306,dongsheng,39.8161,109.9776,1812256,67.73,27,92,19.19
307,voronovytsya,49.1095,28.6808,689003,41,100,75,4.47
308,ribeira grande,38.5167,-28.7,3372707,57.61,76,20,33.29
309,sao joao da barra,-21.6403,-41.0511,3448903,66,91,0,8.46
310,birjand,32.8663,59.2211,140463,75.2,15,0,10.22
311,kazerun,29.6195,51.6541,128321,87.71,19,32,5.12
312,buarcos,40.166,-8.8768,2741961,58.37,77,0,10.36
313,havre-saint-pierre,50.2334,-63.5986,5972291,33.8,93,90,11.5
314,rungata,,,,,,,
315,samarai,-10.6167,150.6667,2132606,83.73,73,65,5.7
316,krasnoselkup,65.7,82.4667,1502073,33.26,96,73,20.04
317,gizo,-8.103,156.8419,2108857,83.84,72,100,4.9
318,freeport,40.6576,-73.5832,5117949,42.03,39,90,10.36
319,kutum,14.2,24.6667,371745,80.42,16,92,9.44
320,tsihombe,,,,,,,
321,soavinandriana,-19.1667,46.7333,1056151,65.16,72,0,6.4
322,makakilo city,21.3469,-158.0858,5850554,75.58,57,1,8.05
323,saint-georges,12.0564,-61.7485,3579925,80.6,74,20,23.02
324,bagnacavallo,44.4125,11.9771,6541635,45.55,87,0,4.61
325,kashan,33.9831,51.4364,128477,82.78,22,100,6.13
326,cabo san lucas,22.8909,-109.9124,3985710,71.01,52,100,15.03
327,luderitz,-26.6481,15.1594,3355672,66.07,66,16,9.28
328,praia,14.9215,-23.5087,3374333,68,77,0,9.22
329,saint-joseph,-21.3667,55.6167,6690296,77.34,73,40,13.8
330,townsville,-19.25,146.8,2146142,69.8,100,75,5.75
331,katsuura,35.1333,140.3,2112309,63.91,51,75,11.5
332,verkhnevilyuysk,63.4453,120.3167,2013639,31.17,79,100,12.88
333,maryborough,-25.5333,152.7,2158562,75,46,73,5.99
334,ahuimanu,21.4447,-157.8378,5856516,74.16,69,1,10.36
335,egvekinot,66.3167,-179.1667,4031742,24.17,81,60,1.05
336,biltine,14.5333,20.9167,244878,89.71,13,80,18.14
337,trenton,40.217,-74.7429,5105496,40.28,41,1,8.05
338,mwaya,-9.55,33.95,152183,73.06,83,85,1.45
339,encheng,22.1839,112.3026,1811729,88,58,2,5.57
340,constitucion,-35.3333,-72.4167,3893726,53.42,83,45,7.25
341,rudnyy,52.9594,63.1206,1519843,53.6,32,0,13.42
342,mujiayingzi,42.1167,118.7833,2035707,63.25,41,100,10.96
343,dakar,14.6937,-17.4441,2253354,66.2,94,20,16.11
344,sandviken,60.6167,16.7667,2680075,38.53,54,12,8.01
345,rena,61.1348,11.3641,3141982,35.01,58,17,10
346,cheuskiny,,,,,,,
347,bonthe,7.5264,-12.505,2409914,78.51,85,60,5.12
348,coihaique,-45.5752,-72.0662,3894426,37.4,100,20,2.3
349,kandrian,-6.2167,149.55,2094746,82.83,78,98,3.42
350,san jose de rio tinto,14.9333,-85.7,3602066,75.2,69,40,3.44
351,san jeronimo,-11.9472,-75.2829,3929611,42.37,94,75,1.34
352,dingle,10.9995,122.6711,1714733,90.64,52,100,14.2
353,irituia,-1.7711,-47.4381,3398014,71.82,99,100,1.45
354,san pedro,14.35,121.0167,1688781,91.13,55,20,12.66
355,mazyr,52.0495,29.2456,625324,42.66,70,100,10.78
356,pombas,17.1503,-25.0201,3374351,69.8,64,40,21.85
357,marcona,,,,,,,
358,broome,42.2506,-75.833,5110365,30.07,69,1,11.5
359,zhumadian,32.9794,114.0294,1783873,68.54,59,100,9.6
360,caravelas,-17.7125,-39.2481,3466980,72.75,89,65,3.38
361,bathsheba,13.2167,-59.5167,3374083,78.8,61,20,19.57
362,begun,24.9833,75,1276615,98.87,9,0,14.03
363,canton,23.1167,113.25,1809858,88.97,52,40,4.47
364,guerrero negro,27.9769,-114.0611,4021858,58.71,75,0,15.21
365,burica,,,,,,,
366,ormara,25.2088,64.6357,1168700,87.82,49,0,10.4
367,tromso,69.6496,18.957,6453316,31.69,93,90,9.22
368,zlitan,32.4674,14.5687,2208485,71.69,33,12,13.24
369,pingliang,35.5392,106.6861,1798760,48,20,100,1.01
370,adeje,28.1227,-16.726,2522437,64.2,72,75,3.44
371,vilyuysk,63.7553,121.6247,2013392,30.97,86,100,10.54
372,dzilam gonzalez,21.2833,-88.9333,3529654,73.45,79,57,7.25
373,anar darreh,,,,,,,
374,ambrolauri,42.5211,43.1622,615776,57.2,77,0,4.61
375,sistranda,63.7256,8.834,3139597,33.8,93,75,8.05
376,pasni,25.2631,63.471,1168312,86.83,54,0,8.03
377,careiro da varzea,-3.2003,-59.8119,3402920,77.05,89,0,5.75
378,luanda,-8.8368,13.2343,2240449,75.2,88,75,6.91
379,ha giang,22.8333,104.9833,1581349,89.8,62,61,5.66
380,port hawkesbury,45.6169,-61.3485,6111867,33.55,69,75,13.8
381,farah,32.5,62.5,1142263,76.46,9,0,6.11
382,belawan,3.7755,98.6832,1215412,86,74,40,4.61
383,kirksville,40.1948,-92.5833,5055787,45.5,57,90,5.75
384,waingapu,-9.6567,120.2641,1622318,84.02,65,8,5.68
385,mackay,-21.15,149.2,2159220,68,94,90,11.5
386,gornopravdinsk,60.05,69.9,1506268,47.64,55,100,12.08
387,miyazu,35.5333,135.1833,1856703,60.8,67,0,11.5
388,santa marta,11.2408,-74.199,3668605,84,70,19,17
389,novoagansk,61.9449,76.6625,1497210,39.56,69,18,14.5
390,uwayl,,,,,,,
391,nanakuli,21.3906,-158.1547,5851349,74.17,57,1,8.05
392,antalaha,-14.9003,50.2788,1071296,75.74,91,96,5.86
393,matamoros,25.5333,-103.25,3996426,77,32,99,1.01
394,kampong thum,12.7111,104.8887,1831125,96.75,43,63,4.21
395,gedo,9.0167,37.45,337083,63.97,53,98,2.39
396,smithers,54.7804,-127.1743,6149996,39.2,60,1,2.3
397,dicabisagan,17.0818,122.4157,1715015,85.68,61,69,4.61
398,ambilobe,-13.2,49.05,1082243,80.33,72,99,4.12
399,kavaratti,10.5669,72.642,1267390,83.98,67,12,5.17
400,nenjiang,49.1833,125.2167,2035601,44.44,40,97,13.85
401,isla vista,34.4133,-119.861,5359864,52.16,76,1,8.05
402,kuche,,,,,,,
403,padang,-0.9492,100.3543,1633419,87.8,62,40,5.75
404,mouzakion,,,,,,,
405,praia da vitoria,38.7333,-27.0667,3372760,54.63,82,75,32.59
406,adrar,20.5022,-10.0711,2381972,71.44,15,0,9.17
407,arman,59.7,150.1667,2127060,32.92,99,100,6.58
408,gornyy,55.1153,83.9059,1506254,45,29,18,5.01
409,kwinana,-32.25,115.7667,2068079,81.9,32,100,1.14
410,ondorhaan,,,,,,,
411,santa cruz de la palma,28.6835,-17.7642,2511180,61.38,82,0,5.75
412,viedma,-40.8135,-62.9967,3832899,58.08,69,56,6.58
413,jalu,29.0331,21.5482,86049,71.37,23,19,17.34
414,gamba,-2.65,10,2400547,75.07,85,99,3.31
415,elsmere,39.0126,-84.6047,4291156,35.83,65,1,4.36
416,ruwi,23.5996,58.5507,287286,98.6,13,0,6.91
417,clyde river,70.4692,-68.5914,5924351,14,73,1,5.75
418,sambava,-14.2667,50.1667,1056899,77.04,89,93,8.23
419,sobolevo,54.4299,31.8996,525426,44.13,72,100,10.36
420,abancay,-13.6339,-72.8814,3948642,52.84,90,59,1.92
421,portland,45.5234,-122.6762,5746545,49.8,63,11,2.01
422,baherden,38.4362,57.4316,162158,78.48,16,86,10.02
423,goderich,43.7501,-81.7165,5962442,39.2,70,0,9.22
424,qabis,,,,,,,
425,rabo de peixe,37.8,-25.5833,3372745,59,67,75,34.52
426,doha,25.2867,51.5333,290030,92.66,24,0,6.91
427,batagay-alyta,67.8006,130.4114,2027042,13.59,66,93,3.31
428,kahului,20.8947,-156.47,5847411,70.63,69,1,16.11
429,talnakh,69.4865,88.3972,1490256,34.43,98,100,13.85
430,leningradskiy,69.3833,178.4167,2123814,28.36,85,79,6.13
431,olavarria,-36.8927,-60.3225,3842670,64.99,96,100,1.01
432,broken hill,-31.95,141.4333,2173911,66.2,39,32,8.05
433,muisne,0.6,-80.0333,3653967,76.96,85,78,6.17
434,manadhoo,5.7667,73.3833,1337618,83.89,71,33,8.57
435,labuhan,-6.8844,112.2051,8079926,86.09,60,18,3.38
436,carquefou,47.2982,-1.4902,3028535,47.7,50,0,6.91
437,grand bank,47.0999,-55.765,5964230,35.76,77,69,24.76
438,gonzaga,44.9498,10.8209,3176002,50.79,90,8,4.47
439,rio gallegos,-51.6226,-69.2181,3838859,42.8,100,40,2.3
440,mountain home,43.133,-115.6912,5601615,53.6,28,1,13.8
441,aleksandrov gay,50.147,48.5704,583345,50.13,71,100,12.93
442,hervey bay,-25.2986,152.8535,2146219,75,46,78,5.99
443,longyearbyen,78.2186,15.6401,2729907,17.6,67,75,5.75
444,margate,51.3813,1.3862,2643044,42.13,82,3,12.33
445,arraial do cabo,-22.9661,-42.0278,3471451,72.99,76,6,21.81
446,kracheh,,,,,,,
447,asfi,32.2994,-9.2372,2537881,60.76,80,79,6.53
448,basco,20.4487,121.9702,1726449,78.15,81,16,13.18
449,galiwinku,,,,,,,
450,khandyga,62.6667,135.6,2022773,27.37,71,100,2.75
451,skibbereen,51.55,-9.2667,2961459,44.6,87,20,13.8
452,shaunavon,49.6501,-108.4181,6145425,24.8,63,100,13.8
453,halalo,,,,,,,
454,poreba,50.4883,19.339,3088273,37.38,87,75,6.91
455,barguzin,53.6167,109.6167,2027109,40.12,34,98,1.23
456,cary,35.7915,-78.7811,4459467,38.77,81,20,3.51
457,show low,34.2542,-110.0298,5314245,39.69,36,1,8.05
458,tawkar,,,,,,,
459,alihe,50.5667,123.7167,2038665,49.21,22,94,7.49
460,bagan,54.1001,77.6646,1511094,42.78,44,6,8.46
461,flinders,-34.5833,150.8552,6255012,72.18,43,1,4
462,bac lieu,9.285,105.7244,1591474,82.65,73,100,6.31
463,arzamas,55.3949,43.8399,580724,53.62,58,20,12.37
464,nikki,9.9401,3.2108,2392505,77.7,74,39,7.34
465,xunchang,28.4543,104.715,1787901,76.01,65,96,4.76
466,cururupu,-1.8283,-44.8683,3401148,73.78,96,100,1.39
467,port lincoln,-34.7333,135.8667,2063036,63.28,59,80,12.08
468,tahta,26.7693,31.5021,347634,72.36,32,0,4.61
469,lolua,,,,,,,
470,hetauda,27.4284,85.0322,1283339,77,27,20,4.61
471,puro,12.4841,123.3827,1692364,85.66,67,100,11.05
472,norfolk,42.1668,-71.2495,4945455,36.27,48,7,13.8
473,beloha,-25.1667,45.05,1067565,77.63,57,8,11.65
474,pemba,-12.974,40.5178,1028918,77,88,20,12.66
475,champerico,14.3,-91.9167,3598787,65.71,97,93,2.19
476,santa helena,-2.2311,-45.3,3389622,72.9,98,100,1.19
477,chulumani,-16.4096,-67.5263,3920244,61.74,95,74,1.25
478,chicama,-7.8447,-79.1469,3698359,62.6,94,75,8.05
479,mormugao,15.4,73.8,1263494,86,74,40,6.91
480,korla,41.7597,86.1469,1529376,45.84,47,100,9.75
481,sinnamary,5.3833,-52.95,3380290,77.22,87,91,11.32
482,kurchum,48.5722,83.6542,1521762,37.06,44,61,4.65
483,fairview,40.8126,-73.999,5097801,41.27,36,90,11.99
484,catuday,16.2923,119.8062,1717787,80.89,68,57,16.04
485,valleyview,55.0667,-117.2859,6173220,23,68,45,5.75
486,marzuq,14.4,46.4667,72181,82.26,15,0,2.57
487,basoko,1.2391,23.616,219414,71.98,95,100,5.06
488,port moresby,-9.4431,147.1797,2088122,87.8,70,40,17.27
489,tateyama,34.9833,139.8667,1850523,62.6,51,75,11.5
490,luorong,24.4058,109.6086,1801850,88.3,58,36,11.72
491,krasnaya gora,52.9995,31.6023,542788,42.39,87,90,4.47
492,bahia blanca,-38.7196,-62.2724,3865086,61.07,68,70,1.77
493,mpika,-11.8343,31.4529,905846,62.96,84,44,10.38
494,andapa,-14.65,49.65,1076454,72.54,95,96,1.83
495,louisbourg,,,,,,,
496,diapaga,12.0708,1.7889,2361373,85.03,48,76,4.43
497,eydhafushi,5.1033,73.0708,1337606,83.62,71,42,8.79
498,moryakovskiy zaton,56.6956,84.6467,1498399,44.28,26,0,13.42
499,tukrah,32.5341,20.5791,88834,72.39,30,31,24.92
500,pierre,44.3683,-100.351,5767918,37.71,87,1,9.22
501,miri,4.4148,114.0089,1738050,87.4,70,40,9.22
502,hamilton,39.1834,-84.5333,4513583,35.37,86,1,4.14
503,islamkot,24.6997,70.177,1176608,98.08,26,0,20.2
504,neuquen,-38.9516,-68.0591,3843123,53.6,94,0,4.27
505,surgut,61.25,73.4167,1490624,44.6,39,0,15.66
506,goksun,38.021,36.4973,314188,59,63,0,5.75
507,malanje,-9.5402,16.341,2239862,63,92,100,3.31
508,wanning,18.8003,110.3967,1791779,85.48,65,3,11.95
509,vestmanna,62.1564,-7.1664,2610343,41,93,90,3.44
510,granadilla de abona,28.1188,-16.576,2517111,64.26,72,75,3.44
511,kalachinsk,55.0529,74.5751,1505074,43.39,36,10,7.63
512,bogorodskoye,56.55,37.8833,575521,51.24,73,51,14.7
513,pangody,65.85,74.4859,1495626,33.84,95,59,19.22
514,peniche,39.3558,-9.3811,2264923,58.39,84,100,8.99
515,charyshskoye,51.3978,83.5598,1508427,36.37,57,100,10.87
516,manyana,-23.4,21.7167,933416,60.89,38,25,5.46
517,pelym,61.0108,61.9978,1495385,42.35,91,100,7.14
518,novikovo,51.1537,37.8879,487928,56.98,59,69,10.85
519,zheleznodorozhnyy,55.7503,38.0042,463355,50.13,76,20,4.47
520,boditi,6.9667,37.8667,341877,62.71,75,100,4.32
521,vila velha,-20.3297,-40.2925,3445026,69.8,83,0,5.75
522,gorontalo,0.5412,123.0595,1643837,87.96,63,86,5.26
523,isangel,-19.55,169.2667,2136825,86,74,20,5.75
524,blackwater,-23.5833,148.8833,2175403,71.91,44,99,2.68
525,alta floresta,-9.8756,-56.0861,6316343,68.92,97,22,1.7
526,maracaju,-21.6144,-55.1683,3457859,64.04,57,2,3.91
527,ravar,31.2656,56.8055,118704,82.85,15,0,4.25
528,yatou,37.15,122.3833,1786855,52.2,83,100,19.62
529,mayumba,-3.432,10.6554,2399001,75.38,88,100,4.41
530,manakara,-22.1333,48.0167,1061605,74.86,80,29,2.33
531,polson,47.6936,-114.1632,5671996,33.13,50,100,6.15
532,severnyy,50.677,36.5532,496358,50,76,0,6.71
533,dandong,40.1292,124.3947,2037886,57.07,77,100,6.76
534,marana,32.4367,-111.2254,5303705,62.73,19,1,4.61
535,vardo,70.3705,31.1107,777019,31.96,74,75,2.3
536,comodoro rivadavia,-45.8667,-67.5,3860443,44.6,87,0,6.17
537,kawalu,-7.3817,108.2082,1640902,84.38,60,27,6.22
538,vostok,46.4856,135.8833,2013279,59.97,40,100,12.57
539,mayna,54.1135,47.6231,528278,50.45,69,6,8.25
540,the valley,18.217,-63.0578,3573374,77.9,78,75,6.91
541,inuvik,68.3499,-133.7218,5983607,16.68,62,17,6.91
542,rio grande,-32.035,-52.0986,3451138,63,95,16,14.25
543,klaksvik,62.2266,-6.589,2618795,41,93,90,3.44
544,okhotsk,59.3833,143.3,2122605,33.6,85,69,12.48
545,havelock,34.8791,-76.9013,4470244,40.73,81,1,5.44
546,sao miguel do araguaia,-13.275,-50.1628,3448455,69.03,79,42,2.59
547,rondonopolis,-16.4708,-54.6356,3450909,66.97,67,65,3.42
548,coahuayana,18.7333,-103.6833,4013679,70.63,58,97,3.56
549,gravdal,68.1214,13.5031,3155152,33.8,75,75,9.22
550,twante,16.7167,95.9333,1290374,93.2,55,40,3.44
551,hovd,48.0056,91.6419,1516048,39.13,27,97,8.28
552,san nicolas,18.1725,120.5953,1688859,82.4,74,20,10.36
553,mecca,21.4267,39.8261,104515,90.41,24,30,2.89
554,agirish,61.9247,63.0231,1512101,41.81,88,100,7.4
555,alice springs,-23.7,133.8833,2077895,74.53,27,0,11.5
556,kongoussi,13.3258,-1.5347,2359142,83.25,43,40,6.4
557,northam,51.0333,-4.2167,2641434,41.36,76,0,3
558,shahdadpur,25.9241,68.62,1165635,91.4,43,0,9.22
559,abu zabad,12.35,29.25,380348,87.51,40,48,12.84
560,jiddah,,,,,,,
561,boden,65.8252,21.6886,606531,32,93,90,13.8
562,jackson,42.4165,-122.8345,5733351,58.32,34,1,10.36
563,tumannyy,,,,,,,
564,khormuj,,,,,,,
565,brookings,44.3114,-96.7984,5226534,41.61,93,90,9.22
566,kamenskoye,,,,,,,
567,oskarshamn,57.2645,16.4484,2686162,37.99,70,3,8.99
568,gracac,44.3006,15.8547,3199790,48.65,100,20,1.14
569,jaguaruna,-28.615,-49.0256,3460197,61.02,93,32,3.89
570,acari,-15.4311,-74.6158,3948613,69.21,88,37,1.83
571,oktyabrskoye,43.0645,44.7417,515805,50,93,90,8.95
572,formosa do rio preto,-11.0483,-45.1931,3463124,66.94,97,94,2.24
573,riyadh,24.6877,46.7219,108410,80.8,18,0,10.54
574,tuy hoa,13.0833,109.3,1563281,88.83,61,78,10.58
575,lakes entrance,-37.8811,147.981,2160735,63,58,76,5.01
576,nishihara,26.1842,127.7558,1855342,68.47,94,90,27.63
577,honiara,-9.4333,159.95,2108502,83.21,78,73,5.57
578,lalsot,26.5667,76.3333,1265143,91.4,17,20,9.22
579,yar-sale,66.8333,70.8333,1486321,34.48,100,80,15.35
580,grojec,51.8625,20.8676,771384,38.41,100,9,12.35
581,baft,29.234,56.6057,390054,71.1,19,2,4.5
582,council bluffs,41.2619,-95.8608,4852832,49.23,37,90,14.97
583,atambua,-9.1061,124.8925,1651103,82.06,63,53,2.33
584,merritt island,28.5392,-80.672,4164092,64.33,88,1,5.75
585,nagato,34.3833,131.2,1899102,66.51,52,75,13.8
586,conde,-7.2597,-34.9075,3385077,75.2,94,0,1.14
587,key west,24.5557,-81.7826,4160812,77,69,1,4.61
588,manavalakurichi,8.1333,77.3,1263942,89.6,62,40,9.22
589,starodub,52.5844,32.7633,488852,42.39,92,94,8.86
590,pouebo,-20.4,164.5667,2138607,78.42,82,99,7.78
591,rawah,34.4816,41.9093,92004,76.53,17,29,14.09
592,miraflores,19.2167,-98.8083,3761194,69.39,24,1,9.22
593,san rafael,-34.6177,-68.3301,3836669,55.76,70,16,3.85
594,port augusta,-32.5,137.7667,2063056,68.2,59,70,8.05
595,tasbuget,,,,,,,
596,norsup,-16.0667,167.3833,2135517,83.28,76,52,9.22
597,la asuncion,11.0333,-63.8628,3480908,86,66,23,19.57
598,zainsk,55.3195,52.0694,465543,44.6,70,75,6.71
599,bayir,37.2687,28.2167,304183,52.68,76,0,3.44
600,ohara,35.25,140.3833,2111495,64.36,44,20,12.66
601,bacuit,,,,,,,
602,araouane,18.9048,-3.5265,2460954,82.67,13,16,8.16
603,zhangye,38.9342,100.4517,1785036,61.59,22,93,23.2
604,mabaruma,8.2,-59.7833,3377301,71.92,98,100,1.72
605,paramirim,-13.4425,-42.2389,3455082,69.17,85,94,1.21
606,shush,32.1942,48.2436,114593,97.52,9,85,2.39
607,pimenta bueno,-11.6725,-61.1936,3924908,70.5,97,10,1.52
608,novobirilyussy,56.9514,90.6661,1508260,41,48,15,7.74
609,abaete,-19.16,-45.4458,3473267,60.93,68,1,3.62
610,eureka,40.8021,-124.1637,5563397,47.71,83,26,2.84
611,ancud,-41.8697,-73.8203,3899695,44.78,100,20,5.88
612,senanga,-16.1167,23.2667,898947,65.73,60,3,5.99
613,khani,41.9563,42.9566,610864,57.2,77,0,4.61
614,naantali,60.4674,22.0243,645211,33.66,93,75,10.36
615,narayangarh,30.4833,77.1333,1261828,80.11,32,98,7.65
616,bolungarvik,,,,,,,
617,maykain,,,,,,,
618,bizhbulyak,53.6967,54.2642,576195,44.78,80,100,8.86
619,aswan,24.0934,32.907,359792,89.44,13,20,15.68
620,belfast,54.5833,-5.9333,2655984,35.78,93,15,2.3
621,tabou,4.423,-7.3528,2281120,79.11,88,98,6.17
622,rosarito,32.3333,-117.0333,3988392,57.18,82,90,9.22
623,krutinka,56.0055,71.5113,1501690,43.84,39,9,15.5
624,kumluca,36.3703,30.2869,305681,69.1,48,7,3.06
625,bemidji,47.4736,-94.8803,5017822,43.56,42,1,8.05
626,olinda,-8.0089,-34.8553,3393536,78.8,73,75,2.3
627,staryy nadym,65.6118,72.6842,1490918,34.72,99,73,18.05
628,yerofey pavlovich,53.9667,121.9667,2012938,39.78,23,30,8.25
629,carnoustie,56.5014,-2.7091,2653704,37.69,93,0,5.75
630,pampierstad,-27.7832,24.6877,966380,64.62,36,14,3.29
